{"0":{"type":"point","props":{"point":{"x":0,"y":0}}},"1":{"type":"point","props":{"point":{"x":0.9140625,"y":0.01171875}}},"6":{"type":"ellipse","props":{"o":{"x":-0.02734375,"y":-0.017578125},"rx":0.9871264635986415,"ry":0.9554345874021198,"rotate":356.41195481551233}},"12":{"type":"ellipse","props":{"o":{"x":0.928125,"y":0.01484375},"rx":0.9473196735982595,"ry":0.9222395870273011,"rotate":19.41077717925691}},"18":{"type":"ellipse","props":{"o":{"x":-0.0234375,"y":0.02734375},"rx":1.9458340137724297,"ry":1.8741111741191914,"rotate":355.07982375839447}},"24":{"type":"ellipse","props":{"o":{"x":0.9625,"y":0.04140625},"rx":2.030268162973365,"ry":1.907809955265133,"rotate":358.8510067802405}}}